frame_id,boundary_name,fValidLengthMeter,fDistanceMeter,fYawAngleRad,fCurvature,fCurvatureRate,lane_type,fCorrectedPitch,polynomial[0],polynomial[1],polynomial[2],polynomial[3],Unnamed: 13
1690794336000052,ego_right,12.769895,-1.979332,0.001138,0.001018,0.0,1,-0.044463,1.979332,-0.001138,-0.000509,-0.0,
1690794336000052,ego_left,30.853262,1.08671,-0.004242,3.1e-05,0.0,1,-0.044463,-1.08671,0.004242,-1.6e-05,-0.0,
1690794336000052,adjacent_right,23.942543,-4.856265,-0.012548,0.000959,0.0,1,-0.044463,4.856265,0.012549,-0.000479,-0.0,
1690794336500167,ego_right,13.43765,-1.998226,-0.001558,0.000736,0.0,1,-0.047231,1.998226,0.001558,-0.000368,-0.0,
1690794336500167,ego_left,37.765892,1.090124,-0.002537,0.000206,0.0,1,-0.047231,-1.090124,0.002537,-0.000103,-0.0,
1690794336500167,adjacent_right,33.120949,-4.923939,-0.021775,0.000309,0.0,1,-0.047231,4.923939,0.021779,-0.000155,-0.0,
1690794336500167,road_boundary_left,58.51902,2.178552,-0.015913,0.000488,0.0,1,-0.047231,-2.178552,0.015915,-0.000244,-0.0,
1690794337000148,ego_right,14.423771,-1.976312,-0.001009,0.000421,0.0,1,-0.044853,1.976312,0.001009,-0.000211,-0.0,
1690794337000148,ego_left,30.751112,1.06954,-0.002145,5.1e-05,0.0,1,-0.044853,-1.06954,0.002145,-2.6e-05,-0.0,
1690794337000148,adjacent_right,31.621931,-4.92348,-0.018043,0.000558,0.0,1,-0.044853,4.92348,0.018045,-0.000279,-0.0,
1690794337000148,road_boundary_left,50.966171,1.997934,-0.007067,0.000149,0.0,1,-0.044853,-1.997934,0.007067,-7.4e-05,-0.0,
1690794337500188,ego_right,15.303753,-2.066185,0.00274,-1.8e-05,0.0,1,-0.044757,2.066185,-0.00274,9e-06,-0.0,
1690794337500188,ego_left,31.321005,1.070378,-0.000465,1.9e-05,0.0,1,-0.044757,-1.070378,0.000465,-1e-05,-0.0,
1690794337500188,adjacent_right,32.457771,-5.000196,-0.013699,-5.3e-05,0.0,1,-0.044757,5.000196,0.0137,2.7e-05,-0.0,
1690794337500188,road_boundary_left,52.404228,1.918135,-0.00053,9.1e-05,0.0,1,-0.044757,-1.918135,0.00053,-4.6e-05,-0.0,
1690794337999781,ego_right,15.145373,-2.055282,0.004249,-0.000273,0.0,1,-0.046375,2.055282,-0.004249,0.000136,-0.0,
1690794337999781,ego_left,28.07461,1.06935,-2.6e-05,1.8e-05,0.0,1,-0.046375,-1.06935,2.6e-05,-9e-06,-0.0,
1690794337999781,adjacent_right,33.509659,-4.937922,-0.020088,0.000531,0.0,1,-0.046375,4.937922,0.020091,-0.000265,-0.0,
1690794337999781,road_boundary_right,24.266232,-16.175335,-0.00302,0.006103,0.0,1,-0.046375,16.175335,0.00302,-0.003052,-0.0,
1690794337999781,road_boundary_left,52.533745,2.039312,0.00066,-0.000137,0.0,1,-0.046375,-2.039312,-0.00066,6.8e-05,-0.0,
1690794338499852,ego_right,15.414411,-2.086566,0.002681,0.000285,0.0,1,-0.047774,2.086566,-0.002681,-0.000143,-0.0,
1690794338499852,ego_left,28.628742,1.08654,0.002983,1.8e-05,0.0,1,-0.047774,-1.08654,-0.002983,-9e-06,-0.0,
1690794338499852,adjacent_right,38.134331,-4.977585,-0.033204,0.000746,0.0,1,-0.047774,4.977585,0.033217,-0.000373,-0.0,
1690794338499852,road_boundary_right,23.5002,-15.829358,-0.03722,0.004085,0.0,1,-0.047774,15.829358,0.037237,-0.002043,-0.0,
1690794338499852,road_boundary_left,66.677483,2.077368,0.000603,0.000155,0.0,1,-0.047774,-2.077368,-0.000603,-7.8e-05,-0.0,
1690794339000218,ego_right,16.733988,-2.047629,0.002363,-0.000127,0.0,1,-0.046711,2.047629,-0.002363,6.3e-05,-0.0,
1690794339000218,ego_left,27.655991,1.092695,0.00455,0.000105,0.0,1,-0.046711,-1.092695,-0.00455,-5.2e-05,-0.0,
1690794339000218,adjacent_right,37.676216,-4.962315,-0.029263,0.000797,0.0,1,-0.046711,4.962315,0.029271,-0.000398,-0.0,
1690794339000218,road_boundary_right,21.592655,-14.482915,-0.000236,-0.006818,0.0,1,-0.046711,14.482915,0.000236,0.003409,-0.0,
1690794339000218,road_boundary_left,61.501137,2.088096,0.005701,3.5e-05,0.0,1,-0.046711,-2.088096,-0.005701,-1.8e-05,-0.0,
1690794339499994,ego_right,17.802147,-1.992111,0.005303,-0.000502,0.0,1,-0.045144,1.992111,-0.005303,0.000251,-0.0,
1690794339499994,ego_left,27.030367,1.108467,0.004929,0.00013,0.0,1,-0.045144,-1.108467,-0.004929,-6.5e-05,-0.0,
1690794339499994,adjacent_right,32.694904,-4.97963,-0.023882,0.000901,0.0,1,-0.045144,4.97963,0.023886,-0.000451,-0.0,
1690794339499994,road_boundary_right,18.54941,-14.933155,-0.033716,-0.008376,0.0,1,-0.045144,14.933155,0.033729,0.004188,-0.0,
1690794339499994,road_boundary_left,51.915577,2.239519,-0.012512,0.00066,0.0,1,-0.045144,-2.239519,0.012512,-0.00033,-0.0,
1690794339999973,ego_right,17.159971,-2.067882,0.00616,0.001225,0.0,1,-0.042983,2.067882,-0.00616,-0.000612,-0.0,
1690794339999973,ego_left,25.452408,1.11,0.003468,0.000205,0.0,1,-0.042983,-1.11,-0.003468,-0.000102,-0.0,
1690794339999973,adjacent_right,26.288851,-4.903233,-0.013649,0.001179,0.0,1,-0.042983,4.903233,0.01365,-0.000589,-0.0,
1690794339999973,road_boundary_left,41.837017,2.209027,-0.022132,0.00113,0.0,1,-0.042983,-2.209027,0.022135,-0.000565,-0.0,
1690794340499931,ego_right,19.520941,-2.060726,0.006843,0.000639,0.0,1,-0.047058,2.060726,-0.006844,-0.000319,-0.0,
1690794340499931,ego_left,28.154898,1.143065,0.005023,0.000499,0.0,1,-0.047058,-1.143065,-0.005023,-0.00025,-0.0,
1690794340499931,adjacent_right,39.676102,-4.961676,-0.020936,0.000507,0.0,1,-0.047058,4.961676,0.020939,-0.000253,-0.0,
1690794340499931,road_boundary_left,48.421364,2.150828,-0.007389,0.000858,0.0,1,-0.047058,-2.150828,0.007389,-0.000429,-0.0,
1690794341000153,ego_right,20.665613,-1.984031,0.010559,0.000143,0.0,1,-0.045256,1.984031,-0.01056,-7.1e-05,-0.0,
1690794341000153,ego_left,27.134296,1.156072,0.006099,0.000362,0.0,1,-0.045256,-1.156072,-0.006099,-0.000181,-0.0,
1690794341000153,adjacent_right,41.306831,-4.798237,-0.003211,-0.00016,0.0,1,-0.045256,4.798237,0.003211,8e-05,-0.0,
1690794341000153,road_boundary_left,45.278889,2.057545,0.007618,8e-05,0.0,1,-0.045256,-2.057545,-0.007619,-4e-05,-0.0,
1690794341500157,ego_right,21.868679,-1.943393,0.013057,-0.000766,0.0,1,-0.047882,1.943393,-0.013058,0.000383,-0.0,
1690794341500157,ego_left,28.629698,1.172227,0.008915,0.000287,0.0,1,-0.047882,-1.172227,-0.008916,-0.000143,-0.0,
1690794341500157,adjacent_right,39.203506,-4.743243,-0.033797,0.001253,0.0,1,-0.047882,4.743243,0.03381,-0.000627,-0.0,
1690794341500157,road_boundary_left,46.31279,2.119423,0.010086,-3.2e-05,0.0,1,-0.047882,-2.119423,-0.010086,1.6e-05,-0.0,
1690794342000177,ego_right,21.014996,-1.889112,0.013158,-0.000937,0.0,1,-0.046316,1.889112,-0.013159,0.000468,-0.0,
1690794342000177,ego_left,25.09832,1.163622,0.009077,-0.00013,0.0,1,-0.046316,-1.163622,-0.009077,6.5e-05,-0.0,
1690794342000177,adjacent_right,37.651985,-4.782739,-0.027482,0.001604,0.0,1,-0.046316,4.782739,0.027489,-0.000802,-0.0,
1690794342000177,road_boundary_left,39.20723,2.090164,0.008537,-0.000389,0.0,1,-0.046316,-2.090164,-0.008537,0.000195,-0.0,
1690794342499841,ego_right,20.01235,-1.977799,0.009764,0.000218,0.0,1,-0.043497,1.977799,-0.009765,-0.000109,-0.0,
1690794342499841,ego_left,27.299301,1.178966,0.008865,-0.00031,0.0,1,-0.043497,-1.178966,-0.008865,0.000155,-0.0,
1690794342499841,adjacent_right,31.360695,-4.899689,-0.022885,0.001857,0.0,1,-0.043497,4.899689,0.022889,-0.000928,-0.0,
1690794342499841,road_boundary_left,39.778931,2.04278,0.004101,7e-06,0.0,1,-0.043497,-2.04278,-0.004101,-3e-06,-0.0,
1690794342999991,ego_right,20.700222,-1.95886,0.008749,-1.2e-05,0.0,1,-0.046905,1.95886,-0.008749,6e-06,-0.0,
1690794342999991,ego_left,28.686039,1.184221,0.005018,-0.000265,0.0,1,-0.046905,-1.184221,-0.005018,0.000132,-0.0,
1690794342999991,adjacent_right,33.515656,-4.874754,-0.019419,0.001356,0.0,1,-0.046905,4.874754,0.019422,-0.000678,-0.0,
1690794342999991,road_boundary_left,48.479805,1.991886,0.010467,-0.000449,0.0,1,-0.046905,-1.991886,-0.010467,0.000224,-0.0,
1690794343500239,ego_right,20.693653,-1.924526,0.009302,-0.000451,0.0,1,-0.044711,1.924526,-0.009303,0.000225,-0.0,
1690794343500239,ego_left,27.352539,1.17904,-5.7e-05,-4e-06,0.0,1,-0.044711,-1.17904,5.7e-05,2e-06,-0.0,
1690794343500239,adjacent_right,31.995241,-4.729751,-0.023402,0.001117,0.0,1,-0.044711,4.729751,0.023406,-0.000558,-0.0,
1690794343500239,road_boundary_left,45.813553,2.091201,-0.000608,-0.000103,0.0,1,-0.044711,-2.091201,0.000608,5.2e-05,-0.0,
1690794344000216,ego_right,21.7229,-1.898677,0.009445,-0.001184,0.0,1,-0.045163,1.898677,-0.009445,0.000592,-0.0,
1690794344000216,ego_left,30.900064,1.181816,-0.001166,0.000272,0.0,1,-0.045163,-1.181816,0.001166,-0.000136,-0.0,
1690794344000216,adjacent_right,32.206123,-4.794123,-0.029119,0.001086,0.0,1,-0.045163,4.794123,0.029127,-0.000543,-0.0,
1690794344000216,road_boundary_left,55.527889,2.265605,-0.014715,0.000595,0.0,1,-0.045163,-2.265605,0.014716,-0.000298,-0.0,
1690794344499781,ego_right,19.741085,-1.933564,0.007105,-0.000176,0.0,1,-0.041995,1.933564,-0.007105,8.8e-05,-0.0,
1690794344499781,ego_left,28.30081,1.167073,-0.000677,0.000288,0.0,1,-0.041995,-1.167073,0.000677,-0.000144,-0.0,
1690794344499781,adjacent_right,28.89966,-4.796393,-0.028945,0.001406,0.0,1,-0.041995,4.796393,0.028953,-0.000703,-0.0,
1690794344499781,road_boundary_left,48.659805,2.149143,-0.00644,0.000311,0.0,1,-0.041995,-2.149143,0.00644,-0.000155,-0.0,
1690794345000219,ego_right,21.028975,-1.919611,0.004543,-0.000396,0.0,1,-0.045752,1.919611,-0.004543,0.000198,-0.0,
1690794345000219,ego_left,30.431635,1.171705,0.002862,0.000297,0.0,1,-0.045752,-1.171705,-0.002862,-0.000149,-0.0,
1690794345000219,adjacent_right,30.887953,-4.914014,-0.028106,0.000814,0.0,1,-0.045752,4.914014,0.028113,-0.000407,-0.0,
1690794345000219,road_boundary_right,23.845375,-15.166735,0.002882,-0.001533,0.0,1,-0.045752,15.166735,-0.002882,0.000766,-0.0,
1690794345000219,road_boundary_left,48.880882,2.127969,0.004659,9.4e-05,0.0,1,-0.045752,-2.127969,-0.004659,-4.7e-05,-0.0,
1690794345499941,ego_right,20.117201,-1.888435,0.006241,-0.000444,0.0,1,-0.040655,1.888435,-0.006241,0.000222,-0.0,
1690794345499941,ego_left,27.350248,1.165233,0.003107,9.8e-05,0.0,1,-0.040655,-1.165233,-0.003107,-4.9e-05,-0.0,
1690794345499941,adjacent_right,26.739931,-4.878494,-0.021826,0.000915,0.0,1,-0.040655,4.878494,0.02183,-0.000457,-0.0,
1690794345499941,road_boundary_right,22.525766,-13.012415,0.028913,-0.013796,0.0,1,-0.040655,13.012415,-0.028922,0.006898,-0.0,
1690794345499941,road_boundary_left,42.924942,2.132818,-0.002382,9.1e-05,0.0,1,-0.040655,-2.132818,0.002382,-4.5e-05,-0.0,
1690794345999780,ego_right,19.141743,-1.855704,0.008312,-0.000758,0.0,1,-0.037632,1.855704,-0.008313,0.000379,-0.0,
1690794345999780,ego_left,25.681139,1.159166,0.001569,-1e-06,0.0,1,-0.037632,-1.159166,-0.001569,1e-06,-0.0,
1690794345999780,adjacent_right,20.768539,-4.86453,-0.013865,0.001223,0.0,1,-0.037632,4.86453,0.013866,-0.000611,-0.0,
1690794345999780,road_boundary_right,16.050817,-13.54149,0.008069,-0.005984,0.0,1,-0.037632,13.54149,-0.008069,0.002992,-0.0,
1690794345999780,road_boundary_left,41.023651,2.176828,-0.009794,7e-05,0.0,1,-0.037632,-2.176828,0.009795,-3.5e-05,-0.0,
1690794346500141,ego_right,18.755116,-1.84183,0.005922,-0.00058,0.0,1,-0.037242,1.84183,-0.005922,0.00029,-0.0,
1690794346500141,ego_left,23.12752,1.146542,-0.001725,-3.7e-05,0.0,1,-0.037242,-1.146542,0.001725,1.9e-05,-0.0,
1690794346500141,adjacent_right,18.053204,-4.754354,-0.009538,0.00061,0.0,1,-0.037242,4.754354,0.009538,-0.000305,-0.0,
1690794346500141,road_boundary_left,34.338219,2.089943,-0.00692,-0.000143,0.0,1,-0.037242,-2.089943,0.00692,7.1e-05,-0.0,
1690794346999797,ego_right,18.006786,-1.90556,0.002583,0.000183,0.0,1,-0.037978,1.90556,-0.002583,-9.1e-05,-0.0,
1690794346999797,ego_left,23.305674,1.132748,-0.002854,0.00021,0.0,1,-0.037978,-1.132748,0.002854,-0.000105,-0.0,
1690794346999797,adjacent_right,19.735064,-4.837214,-0.018267,0.001702,0.0,1,-0.037978,4.837214,0.018269,-0.000851,-0.0,
1690794346999797,road_boundary_left,39.738045,2.119431,-0.010275,7.6e-05,0.0,1,-0.037978,-2.119431,0.010276,-3.8e-05,-0.0,
1690794347499946,ego_right,19.962284,-1.90866,-0.000294,-0.00013,0.0,1,-0.042392,1.90866,0.000294,6.5e-05,-0.0,
1690794347499946,ego_left,25.583769,1.132582,-0.000382,0.00028,0.0,1,-0.042392,-1.132582,0.000382,-0.00014,-0.0,
1690794347499946,adjacent_right,19.807781,-4.915833,-0.020945,0.00115,0.0,1,-0.042392,4.915833,0.020948,-0.000575,-0.0,
1690794347499946,road_boundary_left,41.611553,2.160695,-0.012579,0.000415,0.0,1,-0.042392,-2.160695,0.01258,-0.000208,-0.0,
1690794347999796,ego_right,20.88236,-1.917821,-0.000431,-0.000219,0.0,1,-0.043896,1.917821,0.000431,0.000109,-0.0,
1690794347999796,ego_left,25.150959,1.135268,0.001652,0.000208,0.0,1,-0.043896,-1.135268,-0.001652,-0.000104,-0.0,
1690794347999796,adjacent_right,19.047611,-4.934994,-0.018002,-7e-05,0.0,1,-0.043896,4.934994,0.018004,3.5e-05,-0.0,
1690794347999796,road_boundary_left,42.636459,2.130213,-0.007692,0.000312,0.0,1,-0.043896,-2.130213,0.007692,-0.000156,-0.0,
1690794348499796,ego_right,20.797632,-1.880998,0.003937,-0.000566,0.0,1,-0.044175,1.880998,-0.003937,0.000283,-0.0,
1690794348499796,ego_left,24.117693,1.128531,0.003598,6.6e-05,0.0,1,-0.044175,-1.128531,-0.003598,-3.3e-05,-0.0,
1690794348499796,adjacent_right,16.74114,-4.814882,-0.007465,-0.002032,0.0,1,-0.044175,4.814882,0.007465,0.001016,-0.0,
1690794348499796,road_boundary_left,35.850861,2.149349,-0.012635,0.000482,0.0,1,-0.044175,-2.149349,0.012635,-0.000241,-0.0,
1690794348999945,ego_right,18.58839,-1.872236,0.007695,0.000205,0.0,1,-0.037763,1.872236,-0.007695,-0.000102,-0.0,
1690794348999945,ego_left,20.82548,1.130028,0.002857,-0.000257,0.0,1,-0.037763,-1.130028,-0.002857,0.000129,-0.0,
1690794348999945,adjacent_right,14.258725,-4.798036,-0.001854,0.000411,0.0,1,-0.037763,4.798036,0.001854,-0.000205,-0.0,
1690794348999945,road_boundary_left,28.413486,2.10658,-0.017475,0.000445,0.0,1,-0.037763,-2.10658,0.017477,-0.000222,-0.0,
1690794349500046,ego_right,21.495962,-1.916096,0.009192,-0.000139,0.0,1,-0.041453,1.916096,-0.009192,7e-05,-0.0,
1690794349500046,ego_left,20.923113,1.164868,0.005016,-5.3e-05,0.0,1,-0.041453,-1.164868,-0.005016,2.7e-05,-0.0,
1690794349500046,adjacent_right,14.824615,-4.982686,-1.5e-05,0.000938,0.0,1,-0.041453,4.982686,1.5e-05,-0.000469,-0.0,
1690794349500046,road_boundary_right,18.575512,-13.841339,0.015389,-0.00243,0.0,1,-0.041453,13.841339,-0.01539,0.001215,-0.0,
1690794349500046,road_boundary_left,29.799536,2.145978,-0.013396,0.000541,0.0,1,-0.041453,-2.145978,0.013397,-0.000271,-0.0,
1690794350000001,ego_right,21.57309,-1.889614,0.012665,-0.000446,0.0,1,-0.044111,1.889614,-0.012665,0.000223,-0.0,
1690794350000001,ego_left,20.649115,1.176242,0.005648,-7e-06,0.0,1,-0.044111,-1.176242,-0.005648,4e-06,-0.0,
1690794350000001,adjacent_right,24.312418,-4.738578,0.012263,-0.008513,0.0,1,-0.044111,4.738578,-0.012263,0.004257,-0.0,
1690794350000001,road_boundary_left,33.149731,2.119341,-0.009307,0.000589,0.0,1,-0.044111,-2.119341,0.009308,-0.000295,-0.0,
1690794350499762,ego_right,20.193228,-1.852215,0.014729,-0.000825,0.0,1,-0.041862,1.852215,-0.01473,0.000413,-0.0,
1690794350499762,ego_left,20.112007,1.185042,0.005701,-4.2e-05,0.0,1,-0.041862,-1.185042,-0.005701,2.1e-05,-0.0,
1690794350499762,adjacent_right,21.791624,-4.74579,0.021507,-0.01178,0.0,1,-0.041862,4.74579,-0.021511,0.00589,-0.0,
1690794350499762,road_boundary_left,31.52947,2.060976,-0.004335,0.000321,0.0,1,-0.041862,-2.060976,0.004335,-0.00016,-0.0,
1690794351000056,ego_right,19.521868,-1.832305,0.01486,-0.000701,0.0,1,-0.039094,1.832305,-0.014862,0.00035,-0.0,
1690794351000056,ego_left,17.840317,1.188923,0.004747,5e-06,0.0,1,-0.039094,-1.188923,-0.004747,-3e-06,-0.0,
1690794351000056,adjacent_right,12.757586,-4.859687,0.043662,-0.0058,0.0,1,-0.039094,4.859687,-0.043689,0.0029,-0.0,
1690794351000056,road_boundary_left,29.918707,2.065373,-0.005296,0.000366,0.0,1,-0.039094,-2.065373,0.005296,-0.000183,-0.0,
1690794351499984,ego_right,19.598015,-1.810593,0.012525,-0.00071,0.0,1,-0.035391,1.810593,-0.012526,0.000355,-0.0,
1690794351499984,ego_left,17.679728,1.196109,0.003786,9.1e-05,0.0,1,-0.035391,-1.196109,-0.003786,-4.5e-05,-0.0,
1690794351499984,adjacent_right,12.485791,-4.773823,0.037428,-0.006437,0.0,1,-0.035391,4.773823,-0.037446,0.003218,-0.0,
1690794351499984,road_boundary_left,33.706024,2.108767,-0.010668,0.000878,0.0,1,-0.035391,-2.108767,0.010668,-0.000439,-0.0,
1690794351999853,ego_right,20.435362,-1.893331,0.011473,-0.000449,0.0,1,-0.038579,1.893331,-0.011473,0.000225,-0.0,
1690794351999853,ego_left,18.991371,1.217351,0.004118,0.000383,0.0,1,-0.038579,-1.217351,-0.004118,-0.000191,-0.0,
1690794351999853,adjacent_right,12.635322,-4.914656,0.025206,-0.005658,0.0,1,-0.038579,4.914656,-0.025211,0.002829,-0.0,
1690794351999853,road_boundary_left,31.806028,2.231652,-0.018719,0.001371,0.0,1,-0.038579,-2.231652,0.018721,-0.000686,-0.0,
1690794352499903,ego_right,21.268272,-1.873947,0.014352,-0.000481,0.0,1,-0.038745,1.873947,-0.014353,0.000241,-0.0,
1690794352499903,ego_left,17.725367,1.215256,0.002367,0.000403,0.0,1,-0.038745,-1.215256,-0.002367,-0.000201,-0.0,
1690794352499903,adjacent_right,12.22904,-4.886075,0.023612,-0.005382,0.0,1,-0.038745,4.886075,-0.023617,0.002691,-0.0,
1690794352499903,road_boundary_left,29.385584,2.141551,-0.014566,0.001219,0.0,1,-0.038745,-2.141551,0.014567,-0.000609,-0.0,
1690794352999927,ego_right,22.633724,-1.854052,0.010392,-0.000736,0.0,1,-0.045668,1.854052,-0.010393,0.000368,-0.0,
1690794352999927,ego_left,18.238457,1.224956,0.00387,0.000552,0.0,1,-0.045668,-1.224956,-0.00387,-0.000276,-0.0,
1690794352999927,adjacent_right,9.908184,-4.864407,0.019212,-0.005489,0.0,1,-0.045668,4.864407,-0.019214,0.002744,-0.0,
1690794352999927,road_boundary_left,28.630217,2.137348,-0.010715,0.001266,0.0,1,-0.045668,-2.137348,0.010715,-0.000633,-0.0,
1690794353499977,ego_right,20.42065,-1.823789,0.011372,-0.000438,0.0,1,-0.040022,1.823789,-0.011372,0.000219,-0.0,
1690794353499977,ego_left,16.481632,1.227301,0.004549,0.000311,0.0,1,-0.040022,-1.227301,-0.004549,-0.000155,-0.0,
1690794353499977,adjacent_right,17.630989,-8.027179,0.019333,0.002721,0.0,1,-0.040022,8.027179,-0.019335,-0.001361,-0.0,
1690794353499977,road_boundary_left,27.698744,2.093592,-0.009207,0.001158,0.0,1,-0.040022,-2.093592,0.009207,-0.000579,-0.0,
1690794354000128,ego_right,22.071016,-1.855761,0.01072,-3e-06,0.0,1,-0.039476,1.855761,-0.010721,2e-06,-0.0,
1690794354000128,ego_left,18.158686,1.249669,0.006252,0.000137,0.0,1,-0.039476,-1.249669,-0.006252,-6.8e-05,-0.0,
1690794354000128,adjacent_right,16.69873,-8.180339,0.016161,0.003601,0.0,1,-0.039476,8.180339,-0.016162,-0.0018,-0.0,
1690794354000128,road_boundary_right,31.426821,-12.90041,-0.004413,-0.001819,0.0,1,-0.039476,12.90041,0.004413,0.000909,-0.0,
1690794354000128,road_boundary_left,28.113001,2.086198,0.00038,0.000524,0.0,1,-0.039476,-2.086198,-0.00038,-0.000262,-0.0,
1690794354499832,ego_right,21.559702,-1.807161,0.016642,-0.000508,0.0,1,-0.038189,1.807161,-0.016643,0.000254,-0.0,
1690794354499832,ego_left,17.581734,1.251419,0.005125,-0.000259,0.0,1,-0.038189,-1.251419,-0.005125,0.000129,-0.0,
1690794354499832,adjacent_right,14.646576,-8.350236,0.014469,0.004466,0.0,1,-0.038189,8.350236,-0.01447,-0.002233,-0.0,
1690794354499832,road_boundary_right,31.13098,-13.313977,-0.011758,-2.4e-05,0.0,1,-0.038189,13.313977,0.011758,1.2e-05,-0.0,
1690794354499832,road_boundary_left,25.552517,2.039625,0.006081,-0.000414,0.0,1,-0.038189,-2.039625,-0.006081,0.000207,-0.0,
1690794354999842,ego_right,22.267694,-1.854893,0.012785,-0.000182,0.0,1,-0.042112,1.854893,-0.012786,9.1e-05,-0.0,
1690794354999842,ego_left,19.312593,1.265456,0.005783,-0.000146,0.0,1,-0.042112,-1.265456,-0.005783,7.3e-05,-0.0,
1690794354999842,adjacent_right,8.504486,-4.931173,0.068355,-0.01581,0.0,1,-0.042112,4.931173,-0.068462,0.007905,-0.0,
1690794354999842,road_boundary_left,31.418776,2.105814,0.00595,-0.000243,0.0,1,-0.042112,-2.105814,-0.00595,0.000122,-0.0,
1690794355500107,ego_right,25.222988,-1.872901,0.008663,-0.000512,0.0,1,-0.051278,1.872901,-0.008663,0.000256,-0.0,
1690794355500107,ego_left,21.639948,1.284446,0.005602,-1.5e-05,0.0,1,-0.051278,-1.284446,-0.005602,8e-06,-0.0,
1690794355500107,adjacent_right,7.465166,-4.98247,0.051988,-0.017058,0.0,1,-0.051278,4.98247,-0.052035,0.008529,-0.0,
1690794355500107,road_boundary_left,35.577965,2.170737,0.003972,0.000123,0.0,1,-0.051278,-2.170737,-0.003972,-6.1e-05,-0.0,
1690794355999990,ego_right,26.664158,-1.813981,-0.001795,-0.000283,0.0,1,-0.053354,1.813981,0.001795,0.000141,-0.0,
1690794355999990,ego_left,24.880508,1.282629,0.004437,0.000299,0.0,1,-0.053354,-1.282629,-0.004437,-0.00015,-0.0,
1690794355999990,road_boundary_left,40.683266,2.238786,-0.006719,0.000683,0.0,1,-0.053354,-2.238786,0.006719,-0.000341,-0.0,
1690794356500242,ego_right,26.133904,-1.791352,0.003915,-0.000419,0.0,1,-0.044158,1.791352,-0.003915,0.000209,-0.0,
1690794356500242,ego_left,25.513037,1.271901,8e-06,8.5e-05,0.0,1,-0.044158,-1.271901,-8e-06,-4.3e-05,-0.0,
1690794356500242,adjacent_right,9.064075,-7.349967,-0.036866,-0.00046,0.0,1,-0.044158,7.349967,0.036882,0.00023,-0.0,
1690794356500242,road_boundary_left,39.023548,2.133562,0.005963,-0.000431,0.0,1,-0.044158,-2.133562,-0.005963,0.000216,-0.0,
1690794356999831,ego_right,24.755678,-1.769787,0.002365,-0.00021,0.0,1,-0.044329,1.769787,-0.002365,0.000105,-0.0,
1690794356999831,ego_left,21.936436,1.243709,-0.003566,0.00012,0.0,1,-0.044329,-1.243709,0.003566,-6e-05,-0.0,
1690794356999831,road_boundary_left,33.519123,2.160126,-0.003774,-0.000203,0.0,1,-0.044329,-2.160126,0.003774,0.000101,-0.0,
1690794357499970,ego_right,25.128765,-1.805889,0.002184,9.3e-05,0.0,1,-0.042422,1.805889,-0.002184,-4.7e-05,-0.0,
1690794357499970,ego_left,23.219915,1.22578,-0.005075,0.000149,0.0,1,-0.042422,-1.22578,0.005075,-7.4e-05,-0.0,
1690794357499970,road_boundary_left,34.067703,2.139221,-0.005962,-0.000124,0.0,1,-0.042422,-2.139221,0.005962,6.2e-05,-0.0,
1690794358000151,ego_right,24.911129,-1.82647,0.000608,-0.000104,0.0,1,-0.044567,1.82647,-0.000608,5.2e-05,-0.0,
1690794358000151,ego_left,24.334974,1.209954,-0.003507,0.000172,0.0,1,-0.044567,-1.209954,0.003507,-8.6e-05,-0.0,
1690794358000151,road_boundary_left,45.818478,2.117626,0.002843,-0.000412,0.0,1,-0.044567,-2.117626,-0.002843,0.000206,-0.0,
1690794358499801,ego_right,25.666643,-1.82286,-0.000405,-0.000341,0.0,1,-0.045772,1.82286,0.000405,0.000171,-0.0,
1690794358499801,ego_left,28.475077,1.189928,-0.003773,0.000108,0.0,1,-0.045772,-1.189928,0.003773,-5.4e-05,-0.0,
1690794358499801,adjacent_right,24.474972,-8.001972,0.003018,0.00061,0.0,1,-0.045772,8.001972,-0.003018,-0.000305,-0.0,
1690794358499801,road_boundary_left,50.239235,2.18698,-0.008581,0.000202,0.0,1,-0.045772,-2.18698,0.008581,-0.000101,-0.0,
1690794358999799,ego_right,25.526434,-1.807775,-0.000698,-0.000448,0.0,1,-0.044384,1.807775,0.000698,0.000224,-0.0,
1690794358999799,ego_left,27.792587,1.174008,-0.005609,0.000319,0.0,1,-0.044384,-1.174008,0.005609,-0.000159,-0.0,
1690794358999799,adjacent_right,21.983604,-7.653324,0.013506,-0.00244,0.0,1,-0.044384,7.653324,-0.013507,0.00122,-0.0,
1690794358999799,road_boundary_left,46.836895,2.281755,-0.026416,0.000899,0.0,1,-0.044384,-2.281755,0.026422,-0.00045,-0.0,
1690794359499897,ego_right,24.502844,-1.831883,0.000727,-0.000258,0.0,1,-0.040827,1.831883,-0.000727,0.000129,-0.0,
1690794359499897,ego_left,24.809048,1.144994,-0.007862,0.000409,0.0,1,-0.040827,-1.144994,0.007862,-0.000204,-0.0,
1690794359499897,road_boundary_left,39.175671,2.176872,-0.022381,0.000719,0.0,1,-0.040827,-2.176872,0.022385,-0.000359,-0.0,
1690794360000020,ego_right,21.196531,-1.832217,0.000261,0.000156,0.0,1,-0.037832,1.832217,-0.000261,-7.8e-05,-0.0,
1690794360000020,ego_left,23.268309,1.11816,-0.009225,0.000466,0.0,1,-0.037832,-1.11816,0.009226,-0.000233,-0.0,
1690794360000020,adjacent_right,10.329143,-4.747671,-0.026967,0.005919,0.0,1,-0.037832,4.747671,0.026973,-0.00296,-0.0,
1690794360000020,road_boundary_left,39.310661,2.092808,-0.02562,0.000812,0.0,1,-0.037832,-2.092808,0.025625,-0.000406,-0.0,
1690794360499780,ego_right,22.617447,-1.854048,0.000923,0.000143,0.0,1,-0.035949,1.854048,-0.000923,-7.1e-05,-0.0,
1690794360499780,ego_left,24.753328,1.102742,-0.006252,0.000371,0.0,1,-0.035949,-1.102742,0.006253,-0.000186,-0.0,
1690794360499780,adjacent_right,10.201469,-4.767224,-0.025338,0.006071,0.0,1,-0.035949,4.767224,0.025343,-0.003036,-0.0,
1690794360499780,road_boundary_left,36.821091,2.070775,-0.024337,0.000932,0.0,1,-0.035949,-2.070775,0.024342,-0.000466,-0.0,
1690794360999887,ego_right,22.66201,-1.871377,0.005205,-1.6e-05,0.0,1,-0.034456,1.871377,-0.005205,8e-06,-0.0,
1690794360999887,ego_left,24.89044,1.093295,-0.003377,0.000116,0.0,1,-0.034456,-1.093295,0.003378,-5.8e-05,-0.0,
1690794360999887,adjacent_right,12.859118,-7.379644,-0.035246,0.005863,0.0,1,-0.034456,7.379644,0.035261,-0.002932,-0.0,
1690794360999887,road_boundary_left,39.118073,1.991876,-0.009951,1.8e-05,0.0,1,-0.034456,-1.991876,0.009951,-9e-06,-0.0,
1690794361499926,ego_right,20.52879,-1.905258,0.004626,0.000199,0.0,1,-0.038653,1.905258,-0.004626,-9.9e-05,-0.0,
1690794361499926,ego_left,22.99161,1.099922,-0.001274,0.00013,0.0,1,-0.038653,-1.099922,0.001274,-6.5e-05,-0.0,
1690794361499926,adjacent_right,8.392999,-5.153656,0.105827,-0.017029,0.0,1,-0.038653,5.153656,-0.106224,0.008515,-0.0,
1690794361499926,road_boundary_right,16.624216,-14.40398,-0.039131,0.00427,0.0,1,-0.038653,14.40398,0.039151,-0.002135,-0.0,
1690794361499926,road_boundary_left,43.038223,2.020787,-0.009211,0.000136,0.0,1,-0.038653,-2.020787,0.009211,-6.8e-05,-0.0,
1690794362000023,ego_right,22.733734,-1.905458,-0.00054,0.000204,0.0,1,-0.041117,1.905458,0.00054,-0.000102,-0.0,
1690794362000023,ego_left,25.381975,1.108345,0.001444,0.000228,0.0,1,-0.041117,-1.108345,-0.001444,-0.000114,-0.0,
1690794362000023,road_boundary_right,15.073327,-13.801732,-0.013762,0.004121,0.0,1,-0.041117,13.801732,0.013763,-0.002061,-0.0,
1690794362000023,road_boundary_left,47.7024,2.104968,-0.012001,0.000488,0.0,1,-0.041117,-2.104968,0.012002,-0.000244,-0.0,
1690794362499973,ego_right,20.759844,-1.900686,-0.000135,0.00052,0.0,1,-0.041795,1.900686,0.000135,-0.00026,-0.0,
1690794362499973,ego_left,26.96612,1.114778,0.00322,1.9e-05,0.0,1,-0.041795,-1.114778,-0.00322,-1e-05,-0.0,
1690794362499973,road_boundary_right,17.890726,-14.268463,-0.067679,-0.001805,0.0,1,-0.041795,14.268463,0.067782,0.000902,-0.0,
1690794362499973,road_boundary_left,56.190975,2.079217,-0.010286,0.000419,0.0,1,-0.041795,-2.079217,0.010286,-0.000209,-0.0,
1690794363000009,ego_right,22.959164,-1.884485,0.002503,0.000437,0.0,1,-0.041966,1.884485,-0.002503,-0.000219,-0.0,
1690794363000009,ego_left,25.048481,1.119557,0.003041,4.8e-05,0.0,1,-0.041966,-1.119557,-0.003041,-2.4e-05,-0.0,
1690794363000009,adjacent_right,12.490389,-10.336657,0.034674,-0.003328,0.0,1,-0.041966,10.336657,-0.034688,0.001664,-0.0,
1690794363000009,road_boundary_right,17.330692,-13.751772,-0.063219,0.002918,0.0,1,-0.041966,13.751772,0.063303,-0.001459,-0.0,
1690794363000009,road_boundary_left,41.940895,2.062401,-0.012746,0.000606,0.0,1,-0.041966,-2.062401,0.012746,-0.000303,-0.0,
1690794363499990,ego_right,20.702562,-1.873521,0.003225,0.000677,0.0,1,-0.038564,1.873521,-0.003225,-0.000339,-0.0,
1690794363499990,ego_left,24.2631,1.128563,0.003534,7.2e-05,0.0,1,-0.038564,-1.128563,-0.003534,-3.6e-05,-0.0,
1690794363499990,adjacent_right,11.360806,-10.398701,0.042847,-0.001934,0.0,1,-0.038564,10.398701,-0.042873,0.000967,-0.0,
1690794363499990,road_boundary_right,15.741725,-13.562384,-0.032678,0.00372,0.0,1,-0.038564,13.562384,0.03269,-0.00186,-0.0,
1690794363499990,road_boundary_left,35.182968,2.018563,-0.00823,0.000465,0.0,1,-0.038564,-2.018563,0.00823,-0.000232,-0.0,
1690794363999943,ego_right,25.165443,-1.925027,-0.000793,0.000408,0.0,1,-0.04577,1.925027,0.000793,-0.000204,-0.0,
1690794363999943,ego_left,27.259459,1.160414,0.006774,0.000328,0.0,1,-0.04577,-1.160414,-0.006774,-0.000164,-0.0,
1690794363999943,road_boundary_left,42.183887,2.060067,5.7e-05,0.000403,0.0,1,-0.04577,-2.060067,-5.7e-05,-0.000201,-0.0,
1690794364499784,ego_right,23.387459,-1.895405,0.00427,0.000406,0.0,1,-0.040042,1.895405,-0.00427,-0.000203,-0.0,
1690794364499784,ego_left,25.303003,1.167127,0.006964,0.000144,0.0,1,-0.040042,-1.167127,-0.006964,-7.2e-05,-0.0,
1690794364499784,road_boundary_left,35.948593,2.00577,-0.004427,0.000197,0.0,1,-0.040042,-2.00577,0.004427,-9.9e-05,-0.0,
1690794365000247,ego_right,23.872437,-1.88667,0.007472,-0.000256,0.0,1,-0.043759,1.88667,-0.007472,0.000128,-0.0,
1690794365000247,ego_left,25.038509,1.184248,0.007901,0.000182,0.0,1,-0.043759,-1.184248,-0.007901,-9.1e-05,-0.0,
1690794365000247,road_boundary_left,41.045757,1.978074,0.01117,-0.000164,0.0,1,-0.043759,-1.978074,-0.011171,8.2e-05,-0.0,
1690794365499802,ego_right,21.189787,-1.880915,0.011823,0.000147,0.0,1,-0.03658,1.880915,-0.011823,-7.3e-05,-0.0,
1690794365499802,ego_left,23.849871,1.181634,0.005174,-7.3e-05,0.0,1,-0.03658,-1.181634,-0.005174,3.7e-05,-0.0,
1690794365499802,road_boundary_left,40.096985,1.998536,0.002037,-0.000114,0.0,1,-0.03658,-1.998536,-0.002037,5.7e-05,-0.0,
1690794365999953,ego_right,21.729523,-1.899774,0.006352,-0.000268,0.0,1,-0.041423,1.899774,-0.006352,0.000134,-0.0,
1690794365999953,ego_left,25.864904,1.199325,0.007507,0.00014,0.0,1,-0.041423,-1.199325,-0.007507,-7e-05,-0.0,
1690794365999953,road_boundary_left,49.042912,2.099051,-0.005212,0.00061,0.0,1,-0.041423,-2.099051,0.005212,-0.000305,-0.0,
1690794366499889,ego_right,20.131403,-1.915373,0.005013,-0.000109,0.0,1,-0.042351,1.915373,-0.005013,5.5e-05,-0.0,
1690794366499889,ego_left,24.552248,1.204257,0.00851,1.1e-05,0.0,1,-0.042351,-1.204257,-0.008511,-6e-06,-0.0,
1690794366499889,road_boundary_left,50.363281,2.035791,0.002016,0.000408,0.0,1,-0.042351,-2.035791,-0.002016,-0.000204,-0.0,
1690794367000084,ego_right,18.698421,-1.896337,0.006971,-0.000246,0.0,1,-0.041112,1.896337,-0.006971,0.000123,-0.0,
1690794367000084,ego_left,22.255997,1.205504,0.008403,-0.000113,0.0,1,-0.041112,-1.205504,-0.008404,5.7e-05,-0.0,
1690794367000084,road_boundary_right,21.810371,-14.060247,-0.113258,0.002509,0.0,1,-0.041112,14.060247,0.113745,-0.001254,-0.0,
1690794367000084,road_boundary_left,41.072037,2.075519,-0.005504,0.00071,0.0,1,-0.041112,-2.075519,0.005504,-0.000355,-0.0,
1690794367499770,ego_right,17.697519,-1.902671,0.007308,-0.000339,0.0,1,-0.038322,1.902671,-0.007308,0.000169,-0.0,
1690794367499770,ego_left,22.738441,1.209584,0.006959,-0.000123,0.0,1,-0.038322,-1.209584,-0.006959,6.2e-05,-0.0,
1690794367499770,adjacent_right,13.051781,-9.771008,0.086496,-0.00982,0.0,1,-0.038322,9.771008,-0.086712,0.00491,-0.0,
1690794367499770,road_boundary_right,20.263546,-14.272614,-0.130738,0.003604,0.0,1,-0.038322,14.272614,0.131488,-0.001802,-0.0,
1690794367499770,road_boundary_left,39.262142,2.065236,-0.009514,0.000774,0.0,1,-0.038322,-2.065236,0.009514,-0.000387,-0.0,
1690794367999786,ego_right,16.115074,-2.015895,0.008863,0.000528,0.0,1,-0.03678,2.015895,-0.008863,-0.000264,-0.0,
1690794367999786,ego_left,22.190916,1.217898,0.004146,6.2e-05,0.0,1,-0.03678,-1.217898,-0.004146,-3.1e-05,-0.0,
1690794367999786,road_boundary_right,18.769608,-14.42164,-0.116329,0.00576,0.0,1,-0.03678,14.42164,0.116857,-0.00288,-0.0,
1690794367999786,road_boundary_left,37.036385,2.048958,-0.006457,0.000834,0.0,1,-0.03678,-2.048958,0.006457,-0.000417,-0.0,
1690794368500086,ego_right,13.468493,-2.004206,0.010533,0.000515,0.0,1,-0.03822,2.004206,-0.010533,-0.000258,-0.0,
1690794368500086,ego_left,18.805176,1.221154,0.001968,0.000408,0.0,1,-0.03822,-1.221154,-0.001968,-0.000204,-0.0,
1690794368500086,adjacent_right,11.498198,-9.875501,-0.031464,-0.004096,0.0,1,-0.03822,9.875501,0.031474,0.002048,-0.0,
1690794368500086,road_boundary_right,17.193077,-15.739435,0.089895,-0.011279,0.0,1,-0.03822,15.739435,-0.090138,0.005639,-0.0,
1690794368500086,road_boundary_left,30.40909,1.979761,-0.003657,0.000851,0.0,1,-0.03822,-1.979761,0.003657,-0.000426,-0.0,
1690794368999800,ego_right,11.305985,-1.972516,0.007973,-0.000187,0.0,1,-0.03775,1.972516,-0.007973,9.3e-05,-0.0,
1690794368999800,ego_left,16.669359,1.218885,0.001543,0.000834,0.0,1,-0.03775,-1.218885,-0.001543,-0.000417,-0.0,
1690794368999800,road_boundary_left,28.616959,2.013588,-0.002746,0.000754,0.0,1,-0.03775,-2.013588,0.002746,-0.000377,-0.0,
1690794369499786,ego_right,9.40485,-1.930305,0.002446,-0.001049,0.0,1,-0.038559,1.930305,-0.002446,0.000525,-0.0,
1690794369499786,ego_left,13.711831,1.21022,0.001481,0.001168,0.0,1,-0.038559,-1.21022,-0.001481,-0.000584,-0.0,
1690794369499786,road_boundary_left,21.656965,2.044966,-0.010613,0.001157,0.0,1,-0.038559,-2.044966,0.010613,-0.000579,-0.0,
1690794369999790,ego_right,7.751724,-1.948208,0.00395,-0.000714,0.0,1,-0.041851,1.948208,-0.00395,0.000357,-0.0,
1690794369999790,ego_left,10.68425,1.207123,0.000556,0.00115,0.0,1,-0.041851,-1.207123,-0.000556,-0.000575,-0.0,
1690794369999790,road_boundary_left,18.490078,2.056432,-0.019076,0.002303,0.0,1,-0.041851,-2.056432,0.019078,-0.001151,-0.0,
1690794370500009,ego_right,7.329236,-1.946906,0.003898,-0.000746,0.0,1,-0.043125,1.946906,-0.003898,0.000373,-0.0,
1690794370500009,ego_left,10.885509,1.209503,0.001857,0.001569,0.0,1,-0.043125,-1.209503,-0.001857,-0.000784,-0.0,
1690794370500009,road_boundary_left,18.777369,2.066781,-0.019228,0.002701,0.0,1,-0.043125,-2.066781,0.019231,-0.00135,-0.0,
1690794371000093,ego_right,7.329236,-1.946906,0.003898,-0.000746,0.0,1,-0.043125,1.946906,-0.003898,0.000373,-0.0,
1690794371000093,ego_left,10.885509,1.209503,0.001857,0.001569,0.0,1,-0.043125,-1.209503,-0.001857,-0.000784,-0.0,
1690794371000093,road_boundary_left,18.777369,2.066781,-0.019228,0.002701,0.0,1,-0.043125,-2.066781,0.019231,-0.00135,-0.0,
1690794371500225,ego_right,7.329236,-1.946906,0.003898,-0.000746,0.0,1,-0.043125,1.946906,-0.003898,0.000373,-0.0,
1690794371500225,ego_left,10.885509,1.209503,0.001857,0.001569,0.0,1,-0.043125,-1.209503,-0.001857,-0.000784,-0.0,
1690794371500225,road_boundary_left,18.777369,2.066781,-0.019228,0.002701,0.0,1,-0.043125,-2.066781,0.019231,-0.00135,-0.0,
1690794372000003,ego_right,7.329236,-1.946906,0.003898,-0.000746,0.0,1,-0.043125,1.946906,-0.003898,0.000373,-0.0,
1690794372000003,ego_left,10.885509,1.209503,0.001857,0.001569,0.0,1,-0.043125,-1.209503,-0.001857,-0.000784,-0.0,
1690794372000003,road_boundary_left,18.777369,2.066781,-0.019228,0.002701,0.0,1,-0.043125,-2.066781,0.019231,-0.00135,-0.0,
1690794372500102,ego_right,7.329236,-1.946906,0.003898,-0.000746,0.0,1,-0.043125,1.946906,-0.003898,0.000373,-0.0,
1690794372500102,ego_left,10.885509,1.209503,0.001857,0.001569,0.0,1,-0.043125,-1.209503,-0.001857,-0.000784,-0.0,
1690794372500102,road_boundary_left,18.777369,2.066781,-0.019228,0.002701,0.0,1,-0.043125,-2.066781,0.019231,-0.00135,-0.0,
1690794373000025,ego_right,7.329236,-1.946906,0.003898,-0.000746,0.0,1,-0.043125,1.946906,-0.003898,0.000373,-0.0,
1690794373000025,ego_left,10.885509,1.209503,0.001857,0.001569,0.0,1,-0.043125,-1.209503,-0.001857,-0.000784,-0.0,
1690794373000025,road_boundary_left,18.777369,2.066781,-0.019228,0.002701,0.0,1,-0.043125,-2.066781,0.019231,-0.00135,-0.0,
1690794373499839,ego_right,7.329236,-1.946906,0.003898,-0.000746,0.0,1,-0.043125,1.946906,-0.003898,0.000373,-0.0,
1690794373499839,ego_left,10.885509,1.209503,0.001857,0.001569,0.0,1,-0.043125,-1.209503,-0.001857,-0.000784,-0.0,
1690794373499839,road_boundary_left,18.777369,2.066781,-0.019228,0.002701,0.0,1,-0.043125,-2.066781,0.019231,-0.00135,-0.0,
1690794374000093,ego_right,7.329236,-1.946906,0.003898,-0.000746,0.0,1,-0.043125,1.946906,-0.003898,0.000373,-0.0,
1690794374000093,ego_left,10.885509,1.209503,0.001857,0.001569,0.0,1,-0.043125,-1.209503,-0.001857,-0.000784,-0.0,
1690794374000093,road_boundary_left,18.777369,2.066781,-0.019228,0.002701,0.0,1,-0.043125,-2.066781,0.019231,-0.00135,-0.0,
1690794374500107,ego_right,7.329236,-1.946906,0.003898,-0.000746,0.0,1,-0.043125,1.946906,-0.003898,0.000373,-0.0,
1690794374500107,ego_left,10.885509,1.209503,0.001857,0.001569,0.0,1,-0.043125,-1.209503,-0.001857,-0.000784,-0.0,
1690794374500107,road_boundary_left,18.777369,2.066781,-0.019228,0.002701,0.0,1,-0.043125,-2.066781,0.019231,-0.00135,-0.0,
1690794374999807,ego_right,7.329236,-1.946906,0.003898,-0.000746,0.0,1,-0.043125,1.946906,-0.003898,0.000373,-0.0,
1690794374999807,ego_left,10.885509,1.209503,0.001857,0.001569,0.0,1,-0.043125,-1.209503,-0.001857,-0.000784,-0.0,
1690794374999807,road_boundary_left,18.777369,2.066781,-0.019228,0.002701,0.0,1,-0.043125,-2.066781,0.019231,-0.00135,-0.0,
1690794375499861,ego_right,7.329236,-1.946906,0.003898,-0.000746,0.0,1,-0.043125,1.946906,-0.003898,0.000373,-0.0,
1690794375499861,ego_left,10.885509,1.209503,0.001857,0.001569,0.0,1,-0.043125,-1.209503,-0.001857,-0.000784,-0.0,
1690794375499861,road_boundary_left,18.777369,2.066781,-0.019228,0.002701,0.0,1,-0.043125,-2.066781,0.019231,-0.00135,-0.0,
1690794376000194,ego_right,7.329236,-1.946906,0.003898,-0.000746,0.0,1,-0.043125,1.946906,-0.003898,0.000373,-0.0,
1690794376000194,ego_left,10.885509,1.209503,0.001857,0.001569,0.0,1,-0.043125,-1.209503,-0.001857,-0.000784,-0.0,
1690794376000194,road_boundary_left,18.777369,2.066781,-0.019228,0.002701,0.0,1,-0.043125,-2.066781,0.019231,-0.00135,-0.0,
1690794376499783,ego_right,7.329236,-1.946906,0.003898,-0.000746,0.0,1,-0.043125,1.946906,-0.003898,0.000373,-0.0,
1690794376499783,ego_left,10.885509,1.209503,0.001857,0.001569,0.0,1,-0.043125,-1.209503,-0.001857,-0.000784,-0.0,
1690794376499783,road_boundary_left,18.777369,2.066781,-0.019228,0.002701,0.0,1,-0.043125,-2.066781,0.019231,-0.00135,-0.0,
1690794376999922,ego_right,7.329236,-1.946906,0.003898,-0.000746,0.0,1,-0.043125,1.946906,-0.003898,0.000373,-0.0,
1690794376999922,ego_left,10.885509,1.209503,0.001857,0.001569,0.0,1,-0.043125,-1.209503,-0.001857,-0.000784,-0.0,
1690794376999922,road_boundary_left,18.777369,2.066781,-0.019228,0.002701,0.0,1,-0.043125,-2.066781,0.019231,-0.00135,-0.0,
1690794377499974,ego_right,7.329236,-1.946906,0.003898,-0.000746,0.0,1,-0.043125,1.946906,-0.003898,0.000373,-0.0,
1690794377499974,ego_left,10.885509,1.209503,0.001857,0.001569,0.0,1,-0.043125,-1.209503,-0.001857,-0.000784,-0.0,
1690794377499974,road_boundary_left,18.777369,2.066781,-0.019228,0.002701,0.0,1,-0.043125,-2.066781,0.019231,-0.00135,-0.0,
1690794378000215,ego_right,7.329236,-1.946906,0.003898,-0.000746,0.0,1,-0.043125,1.946906,-0.003898,0.000373,-0.0,
1690794378000215,ego_left,10.885509,1.209503,0.001857,0.001569,0.0,1,-0.043125,-1.209503,-0.001857,-0.000784,-0.0,
1690794378000215,road_boundary_left,18.777369,2.066781,-0.019228,0.002701,0.0,1,-0.043125,-2.066781,0.019231,-0.00135,-0.0,
1690794378500122,ego_right,7.329236,-1.946906,0.003898,-0.000746,0.0,1,-0.043125,1.946906,-0.003898,0.000373,-0.0,
1690794378500122,ego_left,10.885509,1.209503,0.001857,0.001569,0.0,1,-0.043125,-1.209503,-0.001857,-0.000784,-0.0,
1690794378500122,road_boundary_left,18.777369,2.066781,-0.019228,0.002701,0.0,1,-0.043125,-2.066781,0.019231,-0.00135,-0.0,
1690794379000126,ego_right,7.329236,-1.946906,0.003898,-0.000746,0.0,1,-0.043125,1.946906,-0.003898,0.000373,-0.0,
1690794379000126,ego_left,10.885509,1.209503,0.001857,0.001569,0.0,1,-0.043125,-1.209503,-0.001857,-0.000784,-0.0,
1690794379000126,road_boundary_left,18.777369,2.066781,-0.019228,0.002701,0.0,1,-0.043125,-2.066781,0.019231,-0.00135,-0.0,
1690794379500216,ego_right,7.329236,-1.946906,0.003898,-0.000746,0.0,1,-0.043125,1.946906,-0.003898,0.000373,-0.0,
1690794379500216,ego_left,10.885509,1.209503,0.001857,0.001569,0.0,1,-0.043125,-1.209503,-0.001857,-0.000784,-0.0,
1690794379500216,road_boundary_left,18.777369,2.066781,-0.019228,0.002701,0.0,1,-0.043125,-2.066781,0.019231,-0.00135,-0.0,
1690794380000041,ego_right,7.329236,-1.946906,0.003898,-0.000746,0.0,1,-0.043125,1.946906,-0.003898,0.000373,-0.0,
1690794380000041,ego_left,10.885509,1.209503,0.001857,0.001569,0.0,1,-0.043125,-1.209503,-0.001857,-0.000784,-0.0,
1690794380000041,road_boundary_left,18.777369,2.066781,-0.019228,0.002701,0.0,1,-0.043125,-2.066781,0.019231,-0.00135,-0.0,
1690794380499906,ego_right,7.329236,-1.946906,0.003898,-0.000746,0.0,1,-0.043125,1.946906,-0.003898,0.000373,-0.0,
1690794380499906,ego_left,10.885509,1.209503,0.001857,0.001569,0.0,1,-0.043125,-1.209503,-0.001857,-0.000784,-0.0,
1690794380499906,road_boundary_left,18.777369,2.066781,-0.019228,0.002701,0.0,1,-0.043125,-2.066781,0.019231,-0.00135,-0.0,
1690794380999815,ego_right,7.329236,-1.946906,0.003898,-0.000746,0.0,1,-0.043125,1.946906,-0.003898,0.000373,-0.0,
1690794380999815,ego_left,10.885509,1.209503,0.001857,0.001569,0.0,1,-0.043125,-1.209503,-0.001857,-0.000784,-0.0,
1690794380999815,road_boundary_left,18.777369,2.066781,-0.019228,0.002701,0.0,1,-0.043125,-2.066781,0.019231,-0.00135,-0.0,
1690794381500220,ego_right,7.329236,-1.946906,0.003898,-0.000746,0.0,1,-0.043125,1.946906,-0.003898,0.000373,-0.0,
1690794381500220,ego_left,10.885509,1.209503,0.001857,0.001569,0.0,1,-0.043125,-1.209503,-0.001857,-0.000784,-0.0,
1690794381500220,road_boundary_left,18.777369,2.066781,-0.019228,0.002701,0.0,1,-0.043125,-2.066781,0.019231,-0.00135,-0.0,
1690794382000018,ego_right,7.329236,-1.946906,0.003898,-0.000746,0.0,1,-0.043125,1.946906,-0.003898,0.000373,-0.0,
1690794382000018,ego_left,10.885509,1.209503,0.001857,0.001569,0.0,1,-0.043125,-1.209503,-0.001857,-0.000784,-0.0,
1690794382000018,road_boundary_left,18.777369,2.066781,-0.019228,0.002701,0.0,1,-0.043125,-2.066781,0.019231,-0.00135,-0.0,
1690794382499886,ego_right,7.329236,-1.946906,0.003898,-0.000746,0.0,1,-0.043125,1.946906,-0.003898,0.000373,-0.0,
1690794382499886,ego_left,10.885509,1.209503,0.001857,0.001569,0.0,1,-0.043125,-1.209503,-0.001857,-0.000784,-0.0,
1690794382499886,road_boundary_left,18.777369,2.066781,-0.019228,0.002701,0.0,1,-0.043125,-2.066781,0.019231,-0.00135,-0.0,
1690794382999989,ego_right,7.329236,-1.946906,0.003898,-0.000746,0.0,1,-0.043125,1.946906,-0.003898,0.000373,-0.0,
1690794382999989,ego_left,10.885509,1.209503,0.001857,0.001569,0.0,1,-0.043125,-1.209503,-0.001857,-0.000784,-0.0,
1690794382999989,road_boundary_left,18.777369,2.066781,-0.019228,0.002701,0.0,1,-0.043125,-2.066781,0.019231,-0.00135,-0.0,
1690794383499786,ego_right,12.775503,-1.925883,0.005802,-0.000484,0.0,1,-0.050013,1.925883,-0.005802,0.000242,-0.0,
1690794383499786,ego_left,18.621662,1.204351,2.8e-05,0.001097,0.0,1,-0.050013,-1.204351,-2.8e-05,-0.000548,-0.0,
1690794383499786,road_boundary_right,16.262949,-13.596111,-0.099804,0.002232,0.0,1,-0.050013,13.596111,0.100137,-0.001116,-0.0,
1690794383499786,road_boundary_left,29.482639,1.999365,-0.01959,0.001964,0.0,1,-0.050013,-1.999365,0.019592,-0.000982,-0.0,
1690794383999836,ego_right,15.405768,-1.92126,0.004827,-0.001212,0.0,1,-0.055164,1.92126,-0.004827,0.000606,-0.0,
1690794383999836,ego_left,24.563284,1.225738,0.002227,0.000836,0.0,1,-0.055164,-1.225738,-0.002227,-0.000418,-0.0,
1690794383999836,adjacent_right,9.338042,-7.452643,0.013305,-0.004429,0.0,1,-0.055164,7.452643,-0.013306,0.002214,-0.0,
1690794383999836,road_boundary_right,15.390652,-13.371862,-0.072078,0.007315,0.0,1,-0.055164,13.371862,0.072203,-0.003658,-0.0,
1690794383999836,road_boundary_left,36.396145,1.757089,0.023902,-0.000282,0.0,1,-0.055164,-1.757089,-0.023907,0.000141,-0.0,
1690794384499842,ego_right,17.419283,-1.900082,0.010257,-0.000359,0.0,1,-0.050964,1.900082,-0.010258,0.00018,-0.0,
1690794384499842,ego_left,24.086462,1.215021,0.004073,0.000483,0.0,1,-0.050964,-1.215021,-0.004073,-0.000242,-0.0,
1690794384499842,road_boundary_left,34.352943,1.788426,0.024188,-0.000899,0.0,1,-0.050964,-1.788426,-0.024193,0.00045,-0.0,
1690794384999816,ego_right,17.197693,-1.88129,0.013042,-0.000341,0.0,1,-0.048199,1.88129,-0.013042,0.00017,-0.0,
1690794384999816,ego_left,23.75964,1.215568,0.006067,0.000201,0.0,1,-0.048199,-1.215568,-0.006067,-0.0001,-0.0,
1690794384999816,road_boundary_left,35.263485,1.774816,0.037048,-0.001905,0.0,1,-0.048199,-1.774816,-0.037065,0.000953,-0.0,
1690794385500173,ego_right,18.08539,-1.874884,0.013163,-0.000313,0.0,1,-0.048013,1.874884,-0.013164,0.000156,-0.0,
1690794385500173,ego_left,22.305378,1.225952,0.008242,2e-05,0.0,1,-0.048013,-1.225952,-0.008242,-1e-05,-0.0,
1690794385500173,road_boundary_left,34.431763,1.868249,0.028129,-0.001348,0.0,1,-0.048013,-1.868249,-0.028137,0.000674,-0.0,
1690794386000073,ego_right,18.955093,-1.870997,0.012432,-4.1e-05,0.0,1,-0.046128,1.870997,-0.012432,2.1e-05,-0.0,
1690794386000073,ego_left,24.324995,1.24356,0.010353,-1.1e-05,0.0,1,-0.046128,-1.24356,-0.010353,5e-06,-0.0,
1690794386000073,road_boundary_left,38.80798,1.982921,0.016444,-0.00063,0.0,1,-0.046128,-1.982921,-0.016446,0.000315,-0.0,
1690794386499988,ego_right,18.809805,-1.845116,0.013569,8.9e-05,0.0,1,-0.04433,1.845116,-0.01357,-4.4e-05,-0.0,
1690794386499988,ego_left,21.165396,1.25699,0.00903,-0.000182,0.0,1,-0.04433,-1.25699,-0.009031,9.1e-05,-0.0,
1690794386499988,adjacent_right,8.733262,-6.5867,-0.09811,0.001625,0.0,1,-0.04433,6.5867,0.098426,-0.000813,-0.0,
1690794386499988,road_boundary_left,34.18898,2.026567,0.008852,-0.000302,0.0,1,-0.04433,-2.026567,-0.008852,0.000151,-0.0,
1690794386999989,ego_right,21.171032,-1.867935,0.010083,-0.000597,0.0,1,-0.047878,1.867935,-0.010083,0.000299,-0.0,
1690794386999989,ego_left,23.085535,1.287959,0.009586,8.6e-05,0.0,1,-0.047878,-1.287959,-0.009586,-4.3e-05,-0.0,
1690794386999989,road_boundary_left,38.653809,2.079921,0.00909,6.7e-05,0.0,1,-0.047878,-2.079921,-0.00909,-3.4e-05,-0.0,
1690794387499961,ego_right,18.532255,-1.815233,0.013938,-0.00039,0.0,1,-0.039315,1.815233,-0.013939,0.000195,-0.0,
1690794387499961,ego_left,20.024832,1.278827,0.003916,-0.000148,0.0,1,-0.039315,-1.278827,-0.003916,7.4e-05,-0.0,
1690794387499961,road_boundary_left,29.616423,2.076465,0.002559,-0.00049,0.0,1,-0.039315,-2.076465,-0.002559,0.000245,-0.0,
1690794388000188,ego_right,21.070545,-1.822794,0.011541,-0.000828,0.0,1,-0.04314,1.822794,-0.011541,0.000414,-0.0,
1690794388000188,ego_left,19.541445,1.288412,0.002712,0.000295,0.0,1,-0.04314,-1.288412,-0.002713,-0.000148,-0.0,
1690794388000188,road_boundary_left,29.450026,2.111908,-0.004957,0.000371,0.0,1,-0.04314,-2.111908,0.004957,-0.000186,-0.0,
1690794388500055,ego_right,22.395624,-1.776588,0.005607,-0.00104,0.0,1,-0.042973,1.776588,-0.005607,0.00052,-0.0,
1690794388500055,ego_left,18.843197,1.280235,0.002444,0.000476,0.0,1,-0.042973,-1.280235,-0.002444,-0.000238,-0.0,
1690794388500055,road_boundary_left,28.096189,2.106493,-0.008278,0.000675,0.0,1,-0.042973,-2.106493,0.008278,-0.000338,-0.0,
1690794388999853,ego_right,18.471493,-1.790765,0.007241,-0.000253,0.0,1,-0.035267,1.790765,-0.007241,0.000127,-0.0,
1690794388999853,ego_left,18.863157,1.270781,0.001446,0.000171,0.0,1,-0.035267,-1.270781,-0.001446,-8.6e-05,-0.0,
1690794388999853,road_boundary_left,27.01693,2.021456,-0.002601,0.000125,0.0,1,-0.035267,-2.021456,0.002601,-6.3e-05,-0.0,
1690794389499826,ego_right,18.407354,-1.791521,0.006707,-0.000122,0.0,1,-0.037174,1.791521,-0.006708,6.1e-05,-0.0,
1690794389499826,ego_left,17.291967,1.285991,0.002403,9.1e-05,0.0,1,-0.037174,-1.285991,-0.002403,-4.6e-05,-0.0,
1690794389499826,road_boundary_left,26.593668,2.037181,0.004673,-0.000746,0.0,1,-0.037174,-2.037181,-0.004673,0.000373,-0.0,
1690794389999799,ego_right,17.320683,-1.765967,0.008425,9e-06,0.0,1,-0.035114,1.765967,-0.008425,-4e-06,-0.0,
1690794389999799,ego_left,16.468809,1.292581,0.002585,-0.000194,0.0,1,-0.035114,-1.292581,-0.002585,9.7e-05,-0.0,
1690794389999799,adjacent_right,9.451831,-4.65946,-0.03886,0.006974,0.0,1,-0.035114,4.65946,0.03888,-0.003487,-0.0,
1690794389999799,road_boundary_left,24.340155,2.051608,0.002529,-0.000652,0.0,1,-0.035114,-2.051608,-0.002529,0.000326,-0.0,
1690794390500033,ego_right,16.742968,-1.764228,0.010213,-5.6e-05,0.0,1,-0.036162,1.764228,-0.010213,2.8e-05,-0.0,
1690794390500033,ego_left,16.977613,1.311028,0.00336,-0.000213,0.0,1,-0.036162,-1.311028,-0.00336,0.000107,-0.0,
1690794390500033,adjacent_right,11.789121,-9.508805,-0.046059,0.00463,0.0,1,-0.036162,9.508805,0.046092,-0.002315,-0.0,
1690794390500033,road_boundary_left,25.205074,2.072094,-0.002264,-7.6e-05,0.0,1,-0.036162,-2.072094,0.002264,3.8e-05,-0.0,
1690794391000083,ego_right,17.354853,-1.781306,0.010079,-0.000278,0.0,1,-0.040164,1.781306,-0.010079,0.000139,-0.0,
1690794391000083,ego_left,17.826979,1.328066,0.004638,-5.8e-05,0.0,1,-0.040164,-1.328066,-0.004638,2.9e-05,-0.0,
1690794391000083,adjacent_right,13.726501,-9.498465,-0.06276,-0.004405,0.0,1,-0.040164,9.498465,0.062842,0.002202,-0.0,
1690794391000083,road_boundary_left,24.762079,2.108482,0.000307,2.8e-05,0.0,1,-0.040164,-2.108482,-0.000307,-1.4e-05,-0.0,
1690794391500050,ego_right,16.505674,-1.856106,0.012253,0.000538,0.0,1,-0.037875,1.856106,-0.012253,-0.000269,-0.0,
1690794391500050,ego_left,16.800142,1.325255,0.002304,-0.00049,0.0,1,-0.037875,-1.325255,-0.002304,0.000245,-0.0,
1690794391500050,adjacent_right,11.84692,-9.328206,-0.065549,-0.00798,0.0,1,-0.037875,9.328206,0.065644,0.00399,-0.0,
1690794391500050,road_boundary_left,24.533878,2.051504,0.009873,-0.001446,0.0,1,-0.037875,-2.051504,-0.009873,0.000723,-0.0,
1690794391999906,ego_right,18.106333,-1.831442,0.008834,-0.000787,0.0,1,-0.041785,1.831442,-0.008834,0.000393,-0.0,
1690794391999906,ego_left,16.539022,1.342726,0.003014,-0.000262,0.0,1,-0.041785,-1.342726,-0.003014,0.000131,-0.0,
1690794391999906,road_boundary_left,26.107449,2.204047,0.003303,-0.000788,0.0,1,-0.041785,-2.204047,-0.003303,0.000394,-0.0,
1690794392500235,ego_right,15.734676,-1.867979,0.009168,-3.6e-05,0.0,1,-0.044341,1.867979,-0.009168,1.8e-05,-0.0,
1690794392500235,ego_left,17.554523,1.329695,0.001469,-0.000214,0.0,1,-0.044341,-1.329695,-0.001469,0.000107,-0.0,
1690794392500235,road_boundary_left,25.019733,2.224593,-0.010596,-0.000116,0.0,1,-0.044341,-2.224593,0.010596,5.8e-05,-0.0,
1690794393000008,ego_right,16.129227,-1.844795,0.005564,-0.000547,0.0,1,-0.047242,1.844795,-0.005564,0.000274,-0.0,
1690794393000008,ego_left,18.218372,1.333325,0.00232,-4.2e-05,0.0,1,-0.047242,-1.333325,-0.00232,2.1e-05,-0.0,
1690794393000008,road_boundary_left,26.180151,2.152368,-0.005577,0.000281,0.0,1,-0.047242,-2.152368,0.005577,-0.000141,-0.0,
1690794393500153,ego_right,14.502597,-1.852066,0.005905,0.000373,0.0,1,-0.048134,1.852066,-0.005905,-0.000186,-0.0,
1690794393500153,ego_left,18.46151,1.323972,0.001264,-0.000153,0.0,1,-0.048134,-1.323972,-0.001264,7.7e-05,-0.0,
1690794393500153,road_boundary_left,27.503279,2.147455,-0.012429,0.000721,0.0,1,-0.048134,-2.147455,0.01243,-0.00036,-0.0,
1690794394000017,ego_right,17.006323,-1.844125,0.002753,-0.000353,0.0,1,-0.047743,1.844125,-0.002753,0.000176,-0.0,
1690794394000017,ego_left,21.014713,1.331185,0.001045,0.000235,0.0,1,-0.047743,-1.331185,-0.001045,-0.000118,-0.0,
1690794394000017,road_boundary_left,32.819473,2.104609,-0.002086,0.000384,0.0,1,-0.047743,-2.104609,0.002086,-0.000192,-0.0,
1690794394500221,ego_right,16.490097,-1.820257,0.006228,-0.000765,0.0,1,-0.046816,1.820257,-0.006228,0.000382,-0.0,
1690794394500221,ego_left,19.227728,1.310437,-0.002882,0.000269,0.0,1,-0.046816,-1.310437,0.002882,-0.000134,-0.0,
1690794394500221,road_boundary_left,31.002546,2.16253,-0.011774,0.00057,0.0,1,-0.046816,-2.16253,0.011775,-0.000285,-0.0,
1690794394999880,ego_right,16.157578,-1.840148,0.00519,-0.001234,0.0,1,-0.053017,1.840148,-0.00519,0.000617,-0.0,
1690794394999880,ego_left,20.245275,1.299235,-0.00361,0.000706,0.0,1,-0.053017,-1.299235,0.00361,-0.000353,-0.0,
1690794394999880,road_boundary_left,33.653763,2.157745,-0.009792,0.000901,0.0,1,-0.053017,-2.157745,0.009792,-0.00045,-0.0,
1690794395499893,ego_right,15.820564,-1.837042,0.005182,-0.001111,0.0,1,-0.046788,1.837042,-0.005182,0.000555,-0.0,
1690794395499893,ego_left,18.814791,1.256457,-0.006161,0.000717,0.0,1,-0.046788,-1.256457,0.006161,-0.000359,-0.0,
1690794395499893,road_boundary_left,28.931641,2.084732,-0.012021,0.000826,0.0,1,-0.046788,-2.084732,0.012022,-0.000413,-0.0,
